index,Close
0,125.58311618811173
1,126.44098023850684
2,127.6605474564861
3,129.1114052177815
4,130.71472966090118
5,132.42316182137756
6,134.2087462418309
7,136.05527485232352
8,137.95380781712907
9,139.89971821713715
